SET @OLD_SQL_MODE=@@SQL_MODE, SQL_MODE='NO_AUTO_VALUE_ON_ZERO';
SET @OLD_TIME_ZONE=@@TIME_ZONE, TIME_ZONE='+00:00';
SET @OLD_FOREIGN_KEY_CHECKS=@@FOREIGN_KEY_CHECKS, FOREIGN_KEY_CHECKS=0;

-- --------------------------------------------------------

--
-- Dumping data for table `assets`
--

INSERT INTO `assets` (`id`, `parent_id`, `lft`, `rgt`, `level`, `name`, `title`, `rules`) VALUES
	(1,0,0,41,0,'root.1','Root Asset','{\"core.login.site\":{\"6\":1,\"2\":1},\"core.login.admin\":{\"6\":1},\"core.admin\":{\"8\":1},\"core.manage\":{\"7\":1},\"core.create\":{\"6\":1,\"3\":1},\"core.delete\":{\"6\":1},\"core.edit\":{\"6\":1,\"4\":1},\"core.edit.state\":{\"6\":1,\"5\":1},\"core.edit.own\":{\"6\":1,\"3\":1}}'),
	(6,1,1,2,1,'com_config','com_config','{}'),
	(9,1,3,4,1,'com_cpanel','com_cpanel','{}'),
	(11,1,5,6,1,'com_languages','com_languages','{\"core.admin\":{\"7\":1},\"core.manage\":[],\"core.create\":[],\"core.delete\":[],\"core.edit\":[],\"core.edit.state\":[]}'),
	(16,1,7,8,1,'com_menus','com_menus','{\"core.admin\":{\"7\":1},\"core.manage\":[],\"core.create\":[],\"core.delete\":[],\"core.edit\":[],\"core.edit.state\":[]}'),
	(18,1,9,34,1,'com_modules','com_modules','{\"core.admin\":{\"7\":1},\"core.manage\":[],\"core.create\":[],\"core.delete\":[],\"core.edit\":[],\"core.edit.state\":[]}'),
	(20,1,35,36,1,'com_plugins','com_plugins','{\"core.admin\":{\"7\":1},\"core.manage\":[],\"core.edit\":[],\"core.edit.state\":[]}'),
	(23,1,37,38,1,'com_templates','com_templates','{\"core.admin\":{\"7\":1},\"core.manage\":[],\"core.create\":[],\"core.delete\":[],\"core.edit\":[],\"core.edit.state\":[]}'),
	(24,1,39,40,1,'com_users','com_users','{\"core.admin\":{\"7\":1},\"core.options\":[],\"core.manage\":{\"6\":1},\"core.create\":{\"6\":1},\"core.delete\":{\"6\":1},\"core.edit\":[],\"core.edit.state\":[]}'),
	(39,18,10,11,2,'com_modules.module.1','Main Menu','{\"core.delete\":[],\"core.edit\":[],\"core.edit.state\":[]}'),
	(40,18,12,13,2,'com_modules.module.2','Login','{\"core.delete\":[],\"core.edit\":[],\"core.edit.state\":[]}'),
	(43,18,14,15,2,'com_modules.module.8','Toolbar','{\"core.delete\":[],\"core.edit\":[],\"core.edit.state\":[]}'),
	(44,18,16,17,2,'com_modules.module.9','Quick Icons','{\"core.delete\":[],\"core.edit\":[],\"core.edit.state\":[]}'),
	(45,18,18,19,2,'com_modules.module.10','Logged-in Users','{\"core.delete\":[],\"core.edit\":[],\"core.edit.state\":[]}'),
	(46,18,20,21,2,'com_modules.module.12','Admin Menu','{\"core.delete\":[],\"core.edit\":[],\"core.edit.state\":[]}'),
	(47,18,22,23,2,'com_modules.module.13','Admin Submenu','{\"core.delete\":[],\"core.edit\":[],\"core.edit.state\":[]}'),
	(48,18,24,25,2,'com_modules.module.14','User Status','{\"core.delete\":[],\"core.edit\":[],\"core.edit.state\":[]}'),
	(49,18,26,27,2,'com_modules.module.15','Title','{\"core.delete\":[],\"core.edit\":[],\"core.edit.state\":[]}'),
	(50,18,28,29,2,'com_modules.module.16','Login Form','{\"core.delete\":[],\"core.edit\":[],\"core.edit.state\":[]}'),
	(51,18,30,31,2,'com_modules.module.17','Breadcrumbs','{\"core.delete\":[],\"core.edit\":[],\"core.edit.state\":[]}'),
	(52,18,32,33,2,'com_modules.module.79','Multilanguage status','{\"core.delete\":[],\"core.edit\":[],\"core.edit.state\":[]}');

-- --------------------------------------------------------

--
-- Dumping data for table `extensions`
--

INSERT INTO `extensions` (`extension_id`, `name`, `type`, `element`, `folder`, `client_id`, `enabled`, `access`, `protected`, `manifest_cache`, `params`, `custom_data`, `system_data`, `checked_out`, `checked_out_time`, `ordering`, `state`) VALUES
(9, 'com_cpanel', 'component', 'com_cpanel', '', 1, 1, 1, 1, '', '', '', '', 0, '0000-00-00 00:00:00', 0, 0),
(11, 'com_languages', 'component', 'com_languages', '', 1, 1, 1, 1, '', '{"administrator":"en-GB","site":"en-GB"}', '', '', 0, '0000-00-00 00:00:00', 0, 0),
(14, 'com_menus', 'component', 'com_menus', '', 1, 1, 1, 1, '', '', '', '', 0, '0000-00-00 00:00:00', 0, 0),
(16, 'com_modules', 'component', 'com_modules', '', 1, 1, 1, 1, '', '', '', '', 0, '0000-00-00 00:00:00', 0, 0),
(18, 'com_plugins', 'component', 'com_plugins', '', 1, 1, 1, 1, '', '', '', '', 0, '0000-00-00 00:00:00', 0, 0),
(20, 'com_templates', 'component', 'com_templates', '', 1, 1, 1, 1, '', '{"template_positions_display":"0","upload_limit":"2","image_formats":"gif,bmp,jpg,jpeg,png","source_formats":"txt,less,ini,xml,js,php,css","font_formats":"woff,ttf,otf","compressed_formats":"zip"}', '', '', 0, '0000-00-00 00:00:00', 0, 0),
(23, 'com_config', 'component', 'com_config', '', 1, 1, 0, 1, '', '', '', '', 0, '0000-00-00 00:00:00', 0, 0),
(25, 'com_users', 'component', 'com_users', '', 1, 1, 0, 1, '', '{"allowUserRegistration":"1","new_usertype":"2","guest_usergroup":"9","sendpassword":"1","useractivation":"1","mail_to_admin":"0","captcha":"","frontend_userparams":"1","site_language":"0","change_login_name":"0","reset_count":"10","reset_time":"1","minimum_length":"4","minimum_integers":"0","minimum_symbols":"0","minimum_uppercase":"0","save_history":"1","history_limit":5,"mailSubjectPrefix":"","mailBodySuffix":""}', '', '', 0, '0000-00-00 00:00:00', 0, 0),
(204, 'mod_breadcrumbs', 'module', 'mod_breadcrumbs', '', 0, 1, 1, 1, '', '', '', '', 0, '0000-00-00 00:00:00', 0, 0),
(205, 'mod_custom', 'module', 'mod_custom', '', 0, 1, 1, 1, '', '', '', '', 0, '0000-00-00 00:00:00', 0, 0),
(208, 'mod_login', 'module', 'mod_login', '', 0, 1, 1, 1, '', '', '', '', 0, '0000-00-00 00:00:00', 0, 0),
(209, 'mod_menu', 'module', 'mod_menu', '', 0, 1, 1, 1, '', '', '', '', 0, '0000-00-00 00:00:00', 0, 0),
(222, 'mod_languages', 'module', 'mod_languages', '', 0, 1, 1, 1, '', '', '', '', 0, '0000-00-00 00:00:00', 0, 0),
(300, 'mod_custom', 'module', 'mod_custom', '', 1, 1, 1, 1, '', '', '', '', 0, '0000-00-00 00:00:00', 0, 0),
(303, 'mod_logged', 'module', 'mod_logged', '', 1, 1, 1, 0, '', '', '', '', 0, '0000-00-00 00:00:00', 0, 0),
(305, 'mod_menu', 'module', 'mod_menu', '', 1, 1, 1, 0, '', '', '', '', 0, '0000-00-00 00:00:00', 0, 0),
(308, 'mod_quickicon', 'module', 'mod_quickicon', '', 1, 1, 1, 1, '', '', '', '', 0, '0000-00-00 00:00:00', 0, 0),
(309, 'mod_status', 'module', 'mod_status', '', 1, 1, 1, 0, '', '', '', '', 0, '0000-00-00 00:00:00', 0, 0),
(310, 'mod_submenu', 'module', 'mod_submenu', '', 1, 1, 1, 0, '', '', '', '', 0, '0000-00-00 00:00:00', 0, 0),
(311, 'mod_title', 'module', 'mod_title', '', 1, 1, 1, 0, '', '', '', '', 0, '0000-00-00 00:00:00', 0, 0),
(312, 'mod_toolbar', 'module', 'mod_toolbar', '', 1, 1, 1, 1, '', '', '', '', 0, '0000-00-00 00:00:00', 0, 0),
(401, 'plg_authentication_joomla', 'plugin', 'joomla', 'authentication', 0, 1, 1, 1, '', '', '', '', 0, '0000-00-00 00:00:00', 0, 0),
(406, 'plg_content_loadmodule', 'plugin', 'loadmodule', 'content', 0, 1, 1, 0, '', '{"style":"xhtml"}', '', '', 0, '2011-09-18 15:22:50', 0, 0),
(411, 'plg_editors_none', 'plugin', 'none', 'editors', 0, 1, 1, 1, '', '', '', '', 0, '0000-00-00 00:00:00', 2, 0),
(412, 'plg_editors_tinymce', 'plugin', 'tinymce', 'editors', 0, 1, 1, 0, '', '{"mode":"1","skin":"0","mobile":"0","entity_encoding":"raw","lang_mode":"1","text_direction":"ltr","content_css":"1","content_css_custom":"","relative_urls":"1","newlines":"0","invalid_elements":"script,applet,iframe","extended_elements":"","html_height":"550","html_width":"750","resizing":"1","element_path":"1","fonts":"1","paste":"1","searchreplace":"1","insertdate":"1","colors":"1","table":"1","smilies":"1","hr":"1","link":"1","media":"1","print":"1","directionality":"1","fullscreen":"1","alignment":"1","visualchars":"1","visualblocks":"1","nonbreaking":"1","template":"1","blockquote":"1","wordcount":"1","advlist":"1","autosave":"1","contextmenu":"1","inlinepopups":"1","custom_plugin":"","custom_button":""}', '', '', 0, '0000-00-00 00:00:00', 3, 0),
(416, 'plg_editors-xtd_readmore', 'plugin', 'readmore', 'editors-xtd', 0, 1, 1, 0, '', '', '', '', 0, '0000-00-00 00:00:00', 4, 0),
(422, 'plg_system_languagefilter', 'plugin', 'languagefilter', 'system', 0, 0, 1, 1, '', '', '', '', 0, '0000-00-00 00:00:00', 1, 0),
(426, 'plg_system_log', 'plugin', 'log', 'system', 0, 1, 1, 1, '', '', '', '', 0, '0000-00-00 00:00:00', 5, 0),
(428, 'plg_system_remember', 'plugin', 'remember', 'system', 0, 1, 1, 1, '', '', '', '', 0, '0000-00-00 00:00:00', 7, 0),
(429, 'plg_system_sef', 'plugin', 'sef', 'system', 0, 1, 1, 0, '', '', '', '', 0, '0000-00-00 00:00:00', 8, 0),
(430, 'plg_system_logout', 'plugin', 'logout', 'system', 0, 1, 1, 1, '', '', '', '', 0, '0000-00-00 00:00:00', 3, 0),
(432, 'plg_user_joomla', 'plugin', 'joomla', 'user', 0, 1, 1, 0, '', '{"strong_passwords":"1","autoregister":"1"}', '', '', 0, '0000-00-00 00:00:00', 2, 0),
(433, 'plg_user_profile', 'plugin', 'profile', 'user', 0, 0, 1, 0, '', '{"register-require_address1":"1","register-require_address2":"1","register-require_city":"1","register-require_region":"1","register-require_country":"1","register-require_postal_code":"1","register-require_phone":"1","register-require_website":"1","register-require_favoritebook":"1","register-require_aboutme":"1","register-require_tos":"1","register-require_dob":"1","profile-require_address1":"1","profile-require_address2":"1","profile-require_city":"1","profile-require_region":"1","profile-require_country":"1","profile-require_postal_code":"1","profile-require_phone":"1","profile-require_website":"1","profile-require_favoritebook":"1","profile-require_aboutme":"1","profile-require_tos":"1","profile-require_dob":"1"}', '', '', 0, '0000-00-00 00:00:00', 0, 0),
(449, 'plg_authentication_cookie', 'plugin', 'cookie', 'authentication', 0, 1, 1, 0, '', '', '', '', 0, '0000-00-00 00:00:00', 0, 0),
(506, 'protostar', 'template', 'protostar', '', 0, 1, 1, 0, '', '{"templateColor":"","logoFile":"","googleFont":"1","googleFontName":"Open+Sans","fluidContainer":"0"}', '', '', 0, '0000-00-00 00:00:00', 0, 0),
(507, 'isis', 'template', 'isis', '', 1, 1, 1, 0, '', '{"templateColor":"","logoFile":""}', '', '', 0, '0000-00-00 00:00:00', 0, 0),
(508, 'elysio', 'template', 'elysio', '', 1, 1, 1, 0, '{}', '{}', '', '', 0, '0000-00-00 00:00:00', 0, 0),
(600, 'English (United Kingdom)', 'language', 'en-GB', '', 0, 1, 1, 1, '', '', '', '', 0, '0000-00-00 00:00:00', 0, 0),
(601, 'English (United Kingdom)', 'language', 'en-GB', '', 1, 1, 1, 1, '', '', '', '', 0, '0000-00-00 00:00:00', 0, 0);

-- --------------------------------------------------------

--
-- Dumping data for table `languages`
--

INSERT INTO `languages` (`lang_id`, `lang_code`, `title`, `title_native`, `sef`, `image`, `description`, `metakey`, `metadesc`, `sitename`, `published`, `access`, `ordering`) VALUES
(1, 'en-GB', 'English (UK)', 'English (UK)', 'en', 'en', '', '', '', '', 1, 1, 1);

-- --------------------------------------------------------

--
-- Dumping data for table `menu`
--

INSERT INTO `menu` (`id`, `menutype`, `title`, `alias`, `note`, `path`, `link`, `type`, `published`, `parent_id`, `level`, `component_id`, `checked_out`, `checked_out_time`, `browserNav`, `access`, `img`, `template_style_id`, `params`, `lft`, `rgt`, `home`, `language`, `client_id`) VALUES
(1, '', 'Menu_Item_Root', 'root', '', '', '', '', 1, 0, 0, 0, 0, '0000-00-00 00:00:00', 0, 0, '', 0, '', 0, 49, 0, '*', 0);
-- --------------------------------------------------------

--
-- Dumping data for table `menu_types`
--

INSERT INTO `menu_types` (`id`, `menutype`, `title`, `description`) VALUES
(1, 'mainmenu', 'Main Menu', 'The main menu for the site');

-- --------------------------------------------------------

--
-- Dumping data for table `migrations`
--

-- --------------------------------------------------------

INSERT INTO `migrations` (`version`, `start_time`, `end_time`)
VALUES
	(20160303152100, '2016-03-03 15:29:28', '2016-03-03 15:29:28'),
	(20160303172718, '2016-03-03 17:35:40', '2016-03-03 17:35:40');

--
-- Dumping data for table `modules`
--

INSERT INTO `modules` (`id`, `asset_id`, `title`, `note`, `content`, `ordering`, `position`, `checked_out`, `checked_out_time`, `publish_up`, `publish_down`, `published`, `module`, `access`, `showtitle`, `params`, `client_id`, `language`) VALUES
(1, 39, 'Main Menu', '', '', 1, 'position-7', 0, '0000-00-00 00:00:00', '0000-00-00 00:00:00', '0000-00-00 00:00:00', 1, 'mod_menu', 1, 1, '{"menutype":"mainmenu","startLevel":"0","endLevel":"0","showAllChildren":"0","tag_id":"","class_sfx":"","window_open":"","layout":"","moduleclass_sfx":"_menu","cache":"1","cache_time":"900","cachemode":"itemid"}', 0, '*'),
(8, 43, 'Toolbar', '', '', 1, 'toolbar', 0, '0000-00-00 00:00:00', '0000-00-00 00:00:00', '0000-00-00 00:00:00', 1, 'mod_toolbar', 3, 1, '', 1, '*'),
(9, 44, 'Quick Icons', '', '', 1, 'icon', 0, '0000-00-00 00:00:00', '0000-00-00 00:00:00', '0000-00-00 00:00:00', 1, 'mod_quickicon', 3, 1, '', 1, '*'),
(10, 45, 'Logged-in Users', '', '', 2, 'cpanel', 0, '0000-00-00 00:00:00', '0000-00-00 00:00:00', '0000-00-00 00:00:00', 1, 'mod_logged', 3, 1, '{"count":"5","name":"1","layout":"_:default","moduleclass_sfx":"","cache":"0","automatic_title":"1"}', 1, '*'),
(12, 46, 'Admin Menu', '', '', 1, 'menu', 0, '0000-00-00 00:00:00', '0000-00-00 00:00:00', '0000-00-00 00:00:00', 1, 'mod_menu', 3, 1, '{"layout":"","moduleclass_sfx":"","shownew":"1","cache":"0"}', 1, '*'),
(13, 47, 'Admin Submenu', '', '', 1, 'submenu', 0, '0000-00-00 00:00:00', '0000-00-00 00:00:00', '0000-00-00 00:00:00', 1, 'mod_submenu', 3, 1, '', 1, '*'),
(14, 48, 'User Status', '', '', 2, 'status', 0, '0000-00-00 00:00:00', '0000-00-00 00:00:00', '0000-00-00 00:00:00', 1, 'mod_status', 3, 1, '', 1, '*'),
(15, 49, 'Title', '', '', 1, 'title', 0, '0000-00-00 00:00:00', '0000-00-00 00:00:00', '0000-00-00 00:00:00', 1, 'mod_title', 3, 1, '', 1, '*'),
(16, 50, 'Login Form', '', '', 7, 'position-7', 0, '0000-00-00 00:00:00', '0000-00-00 00:00:00', '0000-00-00 00:00:00', 1, 'mod_login', 1, 1, '{"greeting":"1","name":"0"}', 0, '*'),
(17, 51, 'Breadcrumbs', '', '', 1, 'position-2', 0, '0000-00-00 00:00:00', '0000-00-00 00:00:00', '0000-00-00 00:00:00', 1, 'mod_breadcrumbs', 1, 1, '{"moduleclass_sfx":"","showHome":"1","homeText":"","showComponent":"1","separator":"","cache":"1","cache_time":"900","cachemode":"itemid"}', 0, '*');
-- --------------------------------------------------------

--
-- Dumping data for table `modules_menu`
--

INSERT INTO `modules_menu` (`moduleid`, `menuid`) VALUES
(1, 0),
(8, 0),
(9, 0),
(10, 0),
(12, 0),
(13, 0),
(14, 0),
(15, 0),
(16, 0),
(17, 0),
(79, 0);

-- --------------------------------------------------------

--
-- Dumping data for table `templates`
--

INSERT INTO `templates` (`id`, `template`, `client_id`, `home`, `title`, `params`) VALUES
(7, 'protostar', 0, '1', 'protostar - Default', '{"templateColor":"","logoFile":"","googleFont":"1","googleFontName":"Open+Sans","fluidContainer":"0"}'),
(8, 'isis', 1, '0', 'isis - Default', '{"templateColor":"","logoFile":""}'),
(9, 'elysio', 1, '1', 'elysio - Default', '{"logo":"templates/elysio/images/joomla-logo"}');

-- --------------------------------------------------------

--
-- Dumping data for table `users`
--

INSERT INTO `users` (`id`, `name`, `username`, `email`, `password`, `block`, `sendEmail`, `registerDate`, `lastvisitDate`, `activation`, `params`, `lastResetTime`, `resetCount`, `requireReset`)
VALUES
	(951,'Super User','admin','admin@example.com','$2y$10$r3XCSN8RwXncgAkJXcVGt.aVph4Fdo1qZpXvvZXlxlj2DjfwV/SAm',0,1,'2013-07-24 09:07:43','2015-05-31 17:36:34','0','{\"admin_style\":\"\",\"admin_language\":\"\",\"language\":\"\",\"editor\":\"\",\"helpsite\":\"\",\"timezone\":\"\"}','0000-00-00 00:00:00',0,0);

-- --------------------------------------------------------

--
-- Dumping data for table `users_groups`
--

INSERT INTO `users_groups` (`id`, `parent_id`, `lft`, `rgt`, `title`) VALUES
(1, 0, 1, 18, 'Public'),
(2, 1, 8, 15, 'Registered'),
(3, 2, 9, 14, 'Author'),
(4, 3, 10, 13, 'Editor'),
(5, 4, 11, 12, 'Publisher'),
(6, 1, 4, 7, 'Manager'),
(7, 6, 5, 6, 'Administrator'),
(8, 1, 16, 17, 'Super Users'),
(9, 1, 2, 3, 'Guest');

-- --------------------------------------------------------

--
-- Dumping data for table `users_groups_users`
--

INSERT INTO `users_groups_users` (`user_id`, `group_id`)
VALUES
	(951,8);

-- --------------------------------------------------------

--
-- Dumping data for table `users_roles`
--

INSERT INTO `users_roles` (`id`, `title`, `ordering`, `rules`) VALUES
(1, 'Public', 0, '[1]'),
(2, 'Registered', 1, '[6,2,8]'),
(3, 'Special', 2, '[6,3,8]'),
(5, 'Guest', 0, '[9]'),
(6, 'Super Users', 0, '[8]');

-- --------------------------------------------------------
